0,1,2,3,4,5,6,7,8,9,10,11,12,13,14,15
,HenrDe00,TEN,26,RB,16,16,378,2027,17,98,94,5.4,126.7,3,2020
,CookDa01,MIN,25,RB,14,14,312,1557,16,91,70,5.0,111.2,5,2020
,JacoJo01,LVR,22,RB,15,15,273,1065,12,61,28,3.9,71.0,2,2020
,MontDa01,CHI,23,RB,15,14,247,1070,8,59,80,4.3,71.3,1,2020
,ElliEz00,DAL,25,RB,15,15,244,979,6,62,31,4.0,65.3,6,2020
,RobiJa00,JAX,22,RB,14,14,240,1070,7,54,47,4.5,76.4,3,2020
,DrakKe00,ARI,26,RB,15,13,239,955,10,59,69,4.0,63.7,3,2020
,TaylJo02,IND,21,RB,15,13,232,1169,11,69,62,5.0,77.9,1,2020
,GordMe00,DEN,27,RB,15,10,215,986,9,46,65,4.6,65.7,4,2020
,JoneAa00,GNB,26,RB,14,14,201,1104,9,52,77,5.5,78.9,2,2020
,HuntKa00,CLE,25,RB,16,5,198,841,6,44,33,4.2,52.6,2,2020
,GurlTo01,ATL,26,RB,15,15,195,678,9,45,35,3.5,45.2,2,2020
,JoneRo01,TAM,23,RB,14,13,192,978,7,48,98,5.1,69.9,2,2020
,ChubNi00,CLE,25,RB,12,12,190,1067,12,56,59,5.6,88.9,1,2020
,GoreFr00,NYJ,37,RB,15,14,187,653,2,32,17,3.5,43.5,1,2020
,KamaAl00,NOR,25,RB,15,10,187,932,16,58,49,5.0,62.1,1,2020
,EdwaCl00,KAN,21,RB,13,13,181,803,4,39,31,4.4,61.8,0,2020
,GibsAn00,WAS,22,RB,14,10,170,795,11,40,40,4.7,56.8,1,2020
,ConnJa00,PIT,25,RB,13,11,169,721,6,42,59,4.3,55.5,2,2020
,DaviMi01,CAR,27,RB,15,12,165,642,6,38,25,3.9,42.8,1,2020
,SandMi01,PHI,23,RB,12,11,164,867,6,39,82,5.3,72.3,4,2020
,JackLa00,BAL,23,QB,15,15,159,1005,7,56,50,6.3,67.0,10,2020
,PeteAd01,DET,35,RB,16,10,156,604,7,34,38,3.9,37.8,0,2020
,SingDe00,BUF,23,RB,16,16,156,687,2,40,51,4.4,42.9,1,2020
,GallWa00,NYG,26,RB,15,10,147,682,6,36,60,4.6,45.5,1,2020
,JohnDa08,HOU,29,RB,12,12,147,691,6,38,48,4.7,57.6,2,2020
,MurrLa00,NOR,30,RB,15,7,146,656,4,36,36,4.5,43.7,1,2020
,AkerCa00,LAR,21,RB,13,5,145,625,2,26,61,4.3,48.1,1,2020
,EdwaGu00,BAL,25,RB,16,6,144,723,6,45,36,5.0,45.2,1,2020
,2020,,,,,,,,,,,,,,
,GaskMy00,MIA,23,RB,10,7,142,584,3,27,26,4.1,58.4,2,2020
,CarsCh00,SEA,26,RB,12,12,141,681,5,43,29,4.8,56.8,1,2020
,HendDa00,LAR,23,RB,15,11,138,624,5,40,40,4.5,41.6,0,2020
,HarrDa06,NWE,23,RB,10,10,137,691,2,30,41,5.0,69.1,1,2020
,NewtCa00,NWE,31,QB,15,15,137,592,12,55,49,4.3,39.5,6,2020
,DobbJK00,BAL,22,RB,15,1,134,805,9,38,72,6.0,53.7,2,2020
,MurrKy00,ARI,23,QB,16,16,133,819,11,52,48,6.2,51.2,9,2020
,WilsJe01,SFO,25,RB,12,3,126,600,7,31,34,4.8,50.0,2,2020
,BernGi00,CIN,29,RB,16,10,124,416,3,23,15,3.4,26.0,1,2020
,MixoJo00,CIN,24,RB,6,6,119,428,3,20,34,3.6,71.3,1,2020
,WillJa06,GNB,25,RB,14,3,119,505,2,29,25,4.2,36.1,0,2020
,LindPh00,DEN,26,RB,11,8,118,502,1,19,55,4.3,45.6,0,2020
,EkelAu00,LAC,25,RB,10,10,116,530,1,26,27,4.6,53.0,1,2020
,SwifDA00,DET,21,RB,13,4,114,521,8,31,54,4.6,40.1,3,2020
,MossZa00,BUF,23,RB,13,0,112,481,4,30,31,4.3,37.0,0,2020
,KellJo01,LAC,23,RB,14,0,111,354,2,20,33,3.2,25.3,2,2020
,SnelBe00,PIT,22,RB,16,3,111,368,4,25,30,3.3,23.0,2,2020
,MostRa00,SFO,28,RB,8,8,104,521,2,22,80,5.0,65.1,1,2020
,AlleJo02,BUF,24,QB,16,16,102,421,8,38,24,4.1,26.3,9,2020
,BrowMa03,LAR,27,RB,16,0,101,419,5,28,19,4.1,26.2,1,2020
,PollTo00,DAL,23,RB,16,2,101,435,4,23,42,4.3,27.2,0,2020
,HillBr02,ATL,25,RB,16,1,100,465,1,18,62,4.7,29.1,2,2020
,EdmoCh00,ARI,24,RB,16,2,97,448,1,22,32,4.6,28.0,2,2020
,FourLe00,TAM,25,RB,13,3,97,367,6,21,46,3.8,28.2,0,2020
,MattAl01,MIN,22,RB,13,2,96,434,2,24,25,4.5,33.4,0,2020
,BarbPe01,WAS,26,RB,16,2,94,258,4,26,15,2.7,16.1,0,2020
,BookDe00,LVR,28,RB,16,1,93,423,3,21,43,4.5,26.4,1,2020
,BallKa00,2TM,25,RB,11,2,91,303,3,25,17,3.3,27.5,1,2020
,WatsDe00,HOU,25,QB,16,16,90,444,3,31,16,4.9,27.8,8,2020
,HineNy00,IND,24,RB,16,2,89,380,3,24,31,4.3,23.8,0,2020
,2020,,,,,,,,,,,,,,
,HillTa00,NOR,30,WR/QB,16,8,87,457,8,34,43,5.3,28.6,10,2020
,McKiJ.00,WAS,27,RB,16,7,85,365,1,25,17,4.3,22.8,3,2020
,WilkJo01,IND,26,RB,15,0,84,308,1,17,22,3.7,20.5,0,2020
,WilsRu00,SEA,32,QB,16,16,83,513,2,25,38,6.2,32.1,7,2020
,BellLe00,2TM,28,RB,11,4,82,328,2,21,16,4.0,29.8,1,2020
,HydeCa00,SEA,30,RB,10,1,81,356,4,20,50,4.4,35.6,1,2020
,McKiJe00,SFO,28,RB,16,4,81,319,5,16,55,3.9,19.9,0,2020
,ScotBo02,PHI,25,RB,16,4,80,374,1,16,56,4.7,23.4,2,2020
,MichSo00,NWE,25,RB,9,6,79,449,1,19,48,5.7,49.9,0,2020
,JohnDu00,HOU,27,RB,11,5,77,235,1,11,23,3.1,21.4,3,2020
,AhmeSa01,MIA,22,RB,6,4,75,319,3,18,31,4.3,53.2,0,2020
,IngrMa01,BAL,31,RB,11,9,72,299,2,14,30,4.2,27.2,0,2020
,BurkRe00,NWE,30,RB,10,0,67,274,3,18,18,4.1,27.4,0,2020
,JoneDa05,NYG,23,QB,14,14,65,423,1,17,80,6.5,30.2,10,2020
,PattCo00,CHI,29,WR,16,3,64,232,1,12,13,3.6,14.5,0,2020
,PeriLa00,NYJ,22,RB,10,0,64,232,2,18,20,3.6,23.2,0,2020
,HurtJa00,PHI,22,QB,15,4,63,354,3,25,24,5.6,23.6,9,2020
,PeriSa00,CIN,25,RB,16,1,63,301,3,16,46,4.8,18.8,0,2020
,SmitIt00,ATL,25,RB,14,0,63,268,1,8,24,4.3,19.1,1,2020
,MahoPa00,KAN,25,QB,15,15,62,308,2,22,24,5.0,20.5,5,2020
,BreiMa00,MIA,25,RB,12,1,59,254,0,11,24,4.3,21.2,2,2020
,JackJu01,LAC,24,RB,9,4,59,270,0,15,36,4.6,30.0,0,2020
,McCaCh01,CAR,24,RB,3,3,59,225,5,14,15,3.8,75.0,0,2020
,HerbJu00,LAC,22,QB,15,15,55,234,5,20,31,4.3,15.6,8,2020
,MorrAl00,NYG,32,RB,9,0,55,238,1,13,20,4.3,26.4,0,2020
,FreeDe00,NYG,28,RB,5,4,54,172,1,9,14,3.2,34.4,0,2020
,JohnTy02,2TM,23,RB,13,1,54,254,1,11,34,4.7,19.5,0,2020
,MayfBa00,CLE,25,QB,16,16,54,165,1,18,28,3.1,10.3,8,2020
,BridTe00,CAR,28,QB,15,15,53,279,5,18,18,5.3,18.6,6,2020
,JohnKe06,DET,23,RB,16,2,52,181,2,9,14,3.5,11.3,1,2020
,2020,,,,,,,,,,,,,,
,WentCa00,PHI,28,QB,12,12,52,276,5,25,40,5.3,23.0,10,2020
,GoffJa00,LAR,26,QB,15,15,51,99,4,12,10,1.9,6.6,7,2020
,McNiJe00,TEN,25,RB,16,0,47,204,1,8,20,4.3,12.8,0,2020
,DillAJ00,GNB,22,RB,11,0,46,242,2,11,30,5.3,22.0,0,2020
,LockDr00,DEN,24,QB,13,13,44,160,3,13,16,3.6,12.3,8,2020
,TannRy00,TEN,32,QB,16,16,43,266,7,22,45,6.2,16.6,6,2020
,SamuCu00,CAR,24,WR,15,5,41,200,2,10,45,4.9,13.3,1,2020
,SmitRo08,CAR,24,RB,7,1,41,156,1,14,13,3.8,22.3,1,2020
,CarrDe02,LVR,29,QB,16,16,39,140,3,16,18,3.6,8.8,11,2020
,HastJa02,SFO,24,RB,8,0,39,148,1,7,20,3.8,18.5,1,2020
,WillDa10,KAN,25,RB,16,0,39,169,1,14,13,4.3,10.6,0,2020
,RodgAa00,GNB,37,QB,16,16,38,149,3,15,14,3.9,9.3,4,2020
,BurrJo01,CIN,24,QB,10,10,37,142,3,14,23,3.8,14.2,9,2020
,DarnSa00,NYJ,23,QB,12,12,37,217,2,13,46,5.9,18.1,4,2020
,TagoTu00,MIA,22,QB,10,9,36,109,3,13,17,3.0,10.9,1,2020
,FreeRo00,DEN,24,RB,16,0,35,170,0,10,23,4.9,10.6,0,2020
,HowaJo00,2TM,26,RB,7,4,35,60,4,7,11,1.7,8.6,1,2020
,WhitJa02,NWE,28,RB,14,0,35,121,2,6,10,3.5,8.6,1,2020
,DallDe00,SEA,22,RB,12,2,34,108,2,9,13,3.2,9.0,0,2020
,JohnDE04,CLE,24,RB,16,0,33,166,0,7,28,5.0,10.4,1,2020
,McFaAn00,PIT,21,RB,11,0,33,113,0,4,20,3.4,10.3,0,2020
,TrubMi00,CHI,26,QB,10,9,33,195,1,12,45,5.9,19.5,6,2020
,CousKi00,MIN,32,QB,16,16,32,156,1,16,16,4.9,9.8,9,2020
,OgunDa00,JAX,26,RB,14,2,32,145,0,6,25,4.5,10.4,0,2020
,WashDe00,2TM,27,RB,4,1,31,91,0,2,16,2.9,22.8,0,2020
,BradTo00,TAM,43,QB,16,16,30,6,3,6,4,0.2,0.4,4,2020
,FitzRy00,MIA,38,QB,9,7,30,151,2,12,17,5.0,16.8,2,2020
,AdamJo03,NYJ,24,RB,8,0,29,157,2,10,25,5.4,19.6,0,2020
,LewiDi00,NYG,30,RB,16,0,29,115,2,8,19,4.0,7.2,3,2020
,MinsGa00,JAX,24,QB,9,8,29,153,1,10,16,5.3,17.0,5,2020
,2020,,,,,,,,,,,,,,
,RyanMa00,ATL,35,QB,16,16,29,92,2,8,16,3.2,5.8,6,2020
,StafMa00,DET,32,QB,16,16,29,112,0,12,17,3.9,7.0,2,2020
,ColeTe01,SFO,27,RB,8,1,28,53,0,3,12,1.9,6.6,0,2020
,DaltAn00,DAL,33,QB,11,9,28,114,0,11,13,4.1,10.4,2,2020
,ThomDa06,KAN,23,RB,14,1,27,97,1,7,14,3.6,6.9,0,2020
,VaugKe00,TAM,23,RB,10,0,26,109,0,5,19,4.2,10.9,1,2020
,WillTr06,CIN,23,RB,10,0,26,157,0,5,55,6.0,15.7,1,2020
,HomeTr00,SEA,22,RB,9,0,25,88,0,2,12,3.5,9.8,0,2020
,RoetBe00,PIT,38,QB,15,15,25,11,0,3,11,0.4,0.7,5,2020
,WoodRo02,LAR,28,WR,16,16,24,155,2,9,40,6.5,9.7,2,2020
,TaylJJ01,NWE,22,RB,6,0,23,110,0,5,28,4.8,18.3,0,2020
,ForeDO00,TEN,24,RB,6,0,22,95,0,6,15,4.3,15.8,0,2020
,RichJa01,LVR,27,RB,13,0,22,123,1,7,20,5.6,9.5,1,2020
,ClemCo00,PHI,26,RB,15,0,21,75,1,3,7,3.6,5.0,0,2020
,HaskDw00,WAS,23,QB,7,6,20,46,1,6,19,2.3,6.6,6,2020
,BarkSa00,NYG,23,RB,2,2,19,34,0,1,18,1.8,17.0,0,2020
,MontTy01,NOR,27,WR,6,1,19,101,0,4,36,5.3,16.8,0,2020
,BreeDr00,NOR,41,QB,12,12,18,-2,2,4,3,-0.1,-0.2,6,2020
,CollAl00,SEA,26,RB,3,1,18,77,2,5,13,4.3,25.7,0,2020
,PresDa01,DAL,27,QB,5,5,18,93,3,8,12,5.2,18.6,3,2020
,RivePh00,IND,39,QB,16,16,18,-8,0,0,3,-0.4,-0.5,2,2020
,ShenLa00,JAX,22,WR,14,12,18,91,0,6,17,5.1,6.5,0,2020
,BrisJa00,IND,28,QB,11,0,17,19,3,9,5,1.1,1.7,0,2020
,JuszKy00,SFO,29,FB,16,15,17,64,2,12,10,3.8,4.0,1,2020
,FoleNi00,CHI,31,QB,9,7,16,1,1,2,7,0.1,0.1,2,2020
,HoweGr00,HOU,24,RB,14,0,16,64,0,2,9,4.0,4.6,0,2020
,PopeTr00,LAC,27,RB,6,0,15,76,0,3,26,5.1,12.7,0,2020
,CoheTa00,CHI,25,RB,3,0,14,74,0,3,17,5.3,24.7,0,2020
,EvanDa02,TEN,22,RB,5,0,14,54,0,2,9,3.9,10.8,0,2020
,AlleBr00,CIN,28,QB,5,5,13,27,0,5,4,2.1,5.4,1,2020
,2020,,,,,,,,,,,,,,
,BoylTi00,GNB,26,QB,8,0,13,-9,0,0,0,-0.7,-1.1,1,2020
,ErviTy00,GNB,27,RB,8,0,13,67,0,4,21,5.2,8.4,0,2020
,HillTy00,KAN,26,WR,15,15,13,123,2,5,32,9.5,8.2,1,2020
,LairPa00,MIA,25,RB,16,0,13,72,0,4,17,5.5,4.5,1,2020
,BonnRe00,CAR,24,RB,2,0,12,69,0,4,22,5.8,34.5,0,2020
,GrifRo01,BAL,30,QB,4,1,12,69,0,4,39,5.8,17.3,1,2020
,HillJu00,BAL,23,RB,12,0,12,60,0,2,19,5.0,5.0,0,2020
,WillAn03,BUF,23,RB,1,0,12,63,2,4,18,5.3,63.0,0,2020
,BoonMi00,MIN,25,RB,16,0,11,59,1,2,19,5.4,3.7,0,2020
,FinlRy00,CIN,26,QB,5,1,11,66,1,4,23,6.0,13.2,0,2020
,PennRa00,SEA,24,RB,3,0,11,34,0,1,7,3.1,11.3,0,2020
,CannTr00,CAR,26,RB,14,0,10,33,0,2,13,3.3,2.4,0,2020
,ClayCh01,PIT,22,WR,16,6,10,16,2,4,8,1.6,1.0,3,2020
,GaroJi00,SFO,29,QB,6,6,10,25,0,3,9,2.5,4.2,2,2020
,HuntTy01,BAL,22,QB,2,0,10,23,0,1,19,2.3,11.5,0,2020
,LambCe00,DAL,21,WR,16,14,10,82,1,4,19,8.2,5.1,2,2020
,McCoLe01,TAM,32,RB,10,0,10,31,0,2,14,3.1,3.1,0,2020
,McKeIs00,BUF,25,WR,16,7,10,9,0,2,14,0.9,0.6,0,2020
,ProsC.00,HOU,26,RB,10,0,10,19,0,0,7,1.9,1.9,1,2020
,SmitAl03,WAS,36,QB,8,6,10,3,0,0,5,0.3,0.4,2,2020
,YeldT.00,BUF,27,RB,3,0,10,70,0,5,34,7.0,23.3,1,2020
,BowdLy00,MIA,23,WR,10,4,9,32,0,3,11,3.6,3.2,0,2020
,GabbBl00,TAM,31,QB,4,0,9,16,0,0,16,1.8,4.0,1,2020
,HamlKJ00,DEN,21,WR,13,4,9,40,0,2,15,4.4,3.1,2,2020
,HillDo00,2TM,25,RB,7,0,9,48,0,3,19,5.3,6.9,0,2020
,MariMa01,LVR,27,QB,1,0,9,88,1,8,26,9.8,88.0,0,2020
,McCoCo00,NYG,34,QB,4,2,9,12,0,0,4,1.3,3.0,1,2020
,MullNi00,SFO,25,QB,10,8,9,8,0,1,7,0.9,0.8,6,2020
,RuggHe00,LVR,21,WR,13,12,9,49,0,3,12,5.4,3.8,2,2020
,SamuJa00,PIT,24,RB,14,1,9,28,0,1,6,3.1,2.0,0,2020
,2020,,,,,,,,,,,,,,
,AbduAm00,MIN,27,RB,16,0,8,42,0,4,13,5.3,2.6,0,2020
,MoorDa03,SEA,25,WR,16,6,8,61,0,4,15,7.6,3.8,1,2020
,SamuDe00,SFO,24,WR,7,5,8,26,0,1,10,3.3,3.7,0,2020
,WashDw00,NOR,26,RB,11,0,8,15,0,0,5,1.9,1.4,0,2020
,WinsJa00,NOR,26,QB,4,0,8,-6,0,0,3,-0.8,-1.5,0,2020
,AlleKy00,WAS,24,QB,4,4,7,26,1,3,13,3.7,6.5,1,2020
,BurtMi00,NOR,28,RB,15,4,7,18,0,6,7,2.6,1.2,0,2020
,DowdRi01,DAL,22,RB,15,0,7,24,0,1,7,3.4,1.6,0,2020
,HennCh01,KAN,35,QB,3,1,7,-2,1,1,1,-0.3,-0.7,2,2020
,RudoMa00,PIT,25,QB,5,1,7,-6,0,0,1,-0.9,-1.2,0,2020
,StidJa00,NWE,24,QB,5,0,7,7,0,3,6,1.0,1.4,0,2020
,ThomCh03,JAX,30,RB,8,0,7,20,0,1,5,2.9,2.5,0,2020
,WoodLo00,TEN,25,QB,6,0,7,10,0,1,18,1.4,1.7,0,2020
,AgneJa00,DET,25,WR,14,2,6,33,0,3,11,5.5,2.4,2,2020
,AiyuBr00,SFO,22,WR,12,11,6,77,2,3,38,12.8,6.4,0,2020
,ArmaAl00,CAR,26,FB,16,1,6,9,0,5,3,1.5,0.6,0,2020
,BarkMa00,BUF,30,QB,5,0,6,-6,0,0,-1,-1.0,-1.2,0,2020
,BeatC.00,SFO,27,QB,6,2,6,28,0,1,17,4.7,4.7,3,2020
,CoopAm00,DAL,26,WR,16,15,6,14,0,1,10,2.3,0.9,0,2020
,DiNuBe00,DAL,24,QB,3,1,6,22,0,2,10,3.7,7.3,4,2020
,DrisJe00,DEN,27,QB,3,1,6,28,0,3,9,4.7,9.3,0,2020
,EngrEv00,NYG,26,TE,16,14,6,26,1,1,9,4.3,1.6,1,2020
,FlacJo00,NYJ,35,QB,5,4,6,22,0,3,9,3.7,4.4,1,2020
,GlenMi00,JAX,31,QB,5,5,6,17,0,2,4,2.8,3.4,2,2020
,HarrDe09,IND,22,WR,7,0,6,46,0,3,19,7.7,6.6,0,2020
,HarrDe07,NOR,23,WR,9,2,6,51,0,2,23,8.5,5.7,3,2020
,PennEl00,NYG,27,RB,14,0,6,15,0,4,5,2.5,1.1,0,2020
,PierAr00,CHI,24,RB,5,0,6,34,1,2,23,5.7,6.8,0,2020
,RiddTh00,LVR,29,RB,4,0,6,14,0,1,11,2.3,3.5,0,2020
,ScarBo01,SEA,26,RB,1,0,6,31,0,1,12,5.2,31.0,0,2020
,2020,,,,,,,,,,,,,,
,ShepSt00,NYG,27,WR,12,12,6,49,1,2,23,8.2,4.1,0,2020
,TaylTy00,LAC,31,QB,2,1,6,7,0,1,4,1.2,3.5,0,2020
,WolfJo00,LAR,25,QB,1,1,6,56,0,4,14,9.3,56.0,0,2020
,BoydTy00,CIN,26,WR,15,8,5,49,0,2,25,9.8,3.3,1,2020
,EricAl01,CIN,28,WR,16,2,5,7,0,0,7,1.4,0.4,2,2020
,HamxC.00,MIN,27,FB,15,11,5,18,0,2,10,3.6,1.2,0,2020
,HiggTe00,CIN,21,WR,16,14,5,28,0,1,13,5.6,1.8,1,2020
,HuntJa01,PHI,22,RB,5,0,5,19,0,1,10,3.8,3.8,0,2020
,McSoTr00,BAL,25,QB,2,0,5,17,0,2,9,3.4,8.5,0,2020
,OlszGu00,NWE,24,WR,13,2,5,23,0,1,12,4.6,1.8,1,2020
,ReedJo03,LAC,22,WR,11,0,5,29,1,1,8,5.8,2.6,0,2020
,RidlCa00,ATL,26,WR,15,15,5,1,0,1,8,0.2,0.1,1,2020
,RypiBr00,DEN,24,QB,3,1,5,-5,0,0,-1,-1.0,-1.7,1,2020
,WalkPh00,CAR,25,QB,4,1,5,-2,0,0,2,-0.4,-0.5,1,2020
,AndeRo04,CAR,27,WR,16,16,4,15,0,1,11,3.8,0.9,1,2020
,BatsCa00,TEN,25,WR,12,1,4,20,0,2,11,5.0,1.7,1,2020
,BellLe02,DEN,24,RB,5,0,4,11,0,0,8,2.8,2.2,0,2020
,DuveDe00,BAL,23,WR,16,3,4,70,0,3,42,17.5,4.4,0,2020
,HardMe00,KAN,22,WR,16,8,4,31,0,2,20,7.8,1.9,2,2020
,KuppCo00,LAR,27,WR,15,12,4,33,0,3,16,8.3,2.2,1,2020
,LandJa00,CLE,28,WR,15,14,4,10,1,2,5,2.5,0.7,2,2020
,MackMa00,IND,24,RB,1,1,4,26,0,2,18,6.5,26.0,0,2020
,McClRa00,PIT,24,WR,16,2,4,65,0,1,58,16.3,4.1,2,2020
,MoonDa00,CHI,23,WR,16,9,4,20,0,1,16,5.0,1.3,1,2020
,ReagJa00,PHI,21,WR,11,11,4,26,0,2,19,6.5,2.4,2,2020
,SmitKe03,ATL,28,FB,16,7,4,7,0,4,3,1.8,0.4,0,2020
,StevTo01,CAR,24,QB,1,0,4,24,0,2,10,6.0,24.0,0,2020
,StreCh00,ARI,25,QB,5,0,4,15,0,2,12,3.8,3.0,1,2020
,ValdMa00,GNB,26,WR,16,12,4,13,0,1,9,3.3,0.8,1,2020
,BeckOd00,CLE,28,WR,7,7,3,72,1,2,50,24.0,10.3,0,2020
,2020,,,,,,,,,,,,,,
,BerrBr00,NYJ,25,WR,16,2,3,29,0,1,15,9.7,1.8,0,2020
,BrooTo01,ATL,26,RB,1,0,3,4,0,0,4,1.3,4.0,0,2020
,GilbGa01,DAL,29,QB,1,1,3,28,0,2,15,9.3,28.0,0,2020
,GranJa00,MIA,28,WR,14,4,3,20,0,1,29,6.7,1.4,2,2020
,HeinTa00,WAS,27,QB,1,0,3,22,0,2,12,7.3,22.0,0,2020
,IngoAl01,LVR,24,FB,16,4,3,4,0,2,3,1.3,0.3,0,2020
,JohnDi01,PIT,24,WR,15,13,3,15,0,0,9,5.0,1.0,2,2020
,JohnTy03,LAC,24,WR,12,0,3,17,0,0,7,5.7,1.4,0,2020
,JoneTo04,NOR,23,RB,1,1,3,13,0,1,6,4.3,13.0,0,2020
,LoveJo02,GNB,24,TE,8,0,3,6,0,0,4,2.0,0.8,0,2020
,MillSc01,TAM,23,WR,16,5,3,14,0,0,7,4.7,0.9,0,2020
,NallRy00,CHI,25,RB,16,0,3,0,0,0,0,0.0,0.0,0,2020
,PerrMa00,MIA,23,WR,9,2,3,5,0,1,6,1.7,0.6,1,2020
,PittMi01,IND,23,WR,13,8,3,26,0,1,21,8.7,2.0,0,2020
,SchaMa00,ATL,39,QB,1,0,3,-4,0,0,-1,-1.3,-4.0,0,2020
,SherAn00,KAN,32,RB,13,1,3,8,0,2,6,2.7,0.6,0,2020
,SpenDi00,DEN,28,WR,11,0,3,19,0,1,9,6.3,1.7,2,2020
,ThieAd00,MIN,30,WR,15,15,3,15,0,0,8,5.0,1.0,0,2020
,ThomLo00,WAS,29,TE,16,15,3,5,0,2,3,1.7,0.3,0,2020
,WilsCe01,DAL,25,WR,16,0,3,-12,0,0,-1,-4.0,-0.8,0,2020
,WrigIs01,WAS,23,WR,14,6,3,16,0,0,9,5.3,1.1,3,2020
,BrowAn04,TAM,32,WR,8,4,2,-2,0,0,1,-1.0,-0.3,0,2020
,BurtTr01,IND,29,TE,13,4,2,3,2,2,2,1.5,0.2,0,2020
,ByrdDa00,NWE,27,WR,16,14,2,15,0,1,11,7.5,0.9,3,2020
,CampPa00,IND,23,WR,2,2,2,16,0,2,9,8.0,8.0,0,2020
,ChinJe00,CAR,22,RLB,15,15,2,29,0,1,28,14.5,1.9,0,2020
,DaniCh00,DET,34,QB,4,0,2,16,0,1,11,8.0,4.0,0,2020
,DobbJo00,PIT,25,QB,1,0,2,20,0,1,13,10.0,20.0,0,2020
,DuliAs00,IND,23,WR,13,0,2,11,0,0,8,5.5,0.8,1,2020
,EdelJu00,NWE,34,WR,6,1,2,22,0,1,23,11.0,3.7,0,2020
,2020,,,,,,,,,,,,,,
,FejeCl00,MIA,27,DB,13,0,2,23,0,2,22,11.5,1.8,0,2020
,FostD.01,ARI,27,WR,10,0,2,2,0,0,2,1.0,0.2,0,2020
,GageRu00,ATL,24,WR,16,8,2,9,0,1,11,4.5,0.6,0,2020
,GuytJa01,LAC,23,WR,16,9,2,0,0,0,4,0.0,0.0,0,2020
,HarrNK00,NWE,23,WR,14,9,2,0,0,0,2,0.0,0.0,1,2020
,HartMy00,CAR,23,DB,16,0,2,2,0,0,2,1.0,0.1,0,2020
,HintKe00,DEN,23,WR,1,0,2,7,0,0,5,3.5,7.0,0,2020
,JanoAn00,CLE,27,RB,14,3,2,4,0,1,2,2.0,0.3,0,2020
,KirkCh01,ARI,24,WR,14,10,2,3,0,1,3,1.5,0.2,1,2020
,KittGe00,SFO,27,TE,8,8,2,17,0,1,9,8.5,2.1,0,2020
,LazaAl00,GNB,25,WR,10,9,2,17,0,1,19,8.5,1.7,0,2020
,LewiTo00,NOR,28,WR,5,0,2,14,0,1,16,7.0,2.8,0,2020
,McLaTe00,WAS,25,WR,15,15,2,30,0,2,27,15.0,2.0,1,2020
,MeyeJa01,NWE,24,WR,14,9,2,9,0,0,7,4.5,0.6,1,2020
,MillAn02,CHI,26,WR,16,6,2,12,0,1,9,6.0,0.8,2,2020
,MoorD.00,CAR,23,WR,15,14,2,22,0,1,21,11.0,1.5,0,2020
,NabeGa00,LAC,23,FB,16,5,2,7,0,1,4,3.5,0.4,0,2020
,PerrSe00,TEN,29,RB,7,0,2,9,0,1,6,4.5,1.3,0,2020
,PhilSc01,HOU,23,RB,8,0,2,9,0,0,5,4.5,1.1,0,2020
,PoweBr00,ATL,25,WR,15,1,2,7,0,0,4,3.5,0.5,2,2020
,SlayDa01,NYG,23,WR,16,15,2,-1,0,0,2,-0.5,-0.1,1,2020
,SmitGe00,SEA,30,QB,1,0,2,-2,0,0,0,-1.0,-2.0,1,2020
,SmitJo01,TEN,25,TE,15,14,2,4,1,1,3,2.0,0.3,0,2020
,SudfNa00,PHI,27,QB,1,0,2,12,0,1,12,6.0,12.0,1,2020
,WardGr02,PHI,25,WR,16,10,2,-4,0,0,2,-2.0,-0.3,2,2020
,WillDe07,GNB,23,RB,3,0,2,8,0,0,5,4.0,2.7,0,2020
,WillSh02,CIN,29,DB,13,0,2,46,0,2,39,23.0,3.5,0,2020
,ZubeIs00,NWE,23,WR,4,0,2,21,0,2,13,10.5,5.3,0,2020
,AkinJo00,HOU,28,TE,13,5,1,4,0,1,4,4.0,0.3,0,2020
,AlleKe00,LAC,28,WR,14,13,1,-1,0,0,-1,-1.0,-0.1,3,2020
,2020,,,,,,,,,,,,,,
,AmenDa00,DET,35,WR,14,5,1,2,0,1,2,2.0,0.1,0,2020
,BellBl00,DAL,29,TE,16,2,1,2,0,1,2,2.0,0.1,0,2020
,BellNi01,SEA,31,LB,16,0,1,5,0,0,5,5.0,0.3,0,2020
,BlouDa00,DET,25,QB,1,0,1,18,0,1,18,18.0,18.0,0,2020
,BoarC.00,NYG,27,WR,14,4,1,3,0,0,3,3.0,0.2,0,2020
,BrowMa04,BAL,23,WR,16,14,1,1,0,0,1,1.0,0.1,0,2020
,BrowNo00,DAL,24,WR,16,1,1,4,0,0,4,4.0,0.3,0,2020
,CabiJa00,DET,24,LB,16,2,1,0,0,0,0,0.0,0.0,0,2020
,ColeAJ01,LVR,25,P,16,0,1,0,0,0,0,0.0,0.0,1,2020
,ColeKe00,JAX,27,WR,16,5,1,2,0,0,2,2.0,0.1,0,2020
,CrowJa00,NYJ,27,WR,12,7,1,14,0,1,14,14.0,1.2,0,2020
,DaviGa01,BUF,21,WR,16,11,1,0,0,0,0,0.0,0.0,1,2020
,DiggSt00,BUF,27,WR,16,15,1,1,0,0,1,1.0,0.1,0,2020
,EverGe00,LAR,26,TE,16,7,1,2,1,1,2,2.0,0.1,1,2020
,FullWi01,HOU,26,WR,11,11,1,0,0,0,0,0.0,0.0,0,2020
,GandAn00,WAS,22,WR,6,2,1,22,0,1,22,22.0,3.7,0,2020
,GillJa00,CLE,23,P,16,0,1,-2,0,0,-2,-2.0,-0.1,1,2020
,GodwTe00,JAX,24,WR,3,0,1,3,0,0,3,3.0,1.0,0,2020
,HallMa02,2TM,27,WR,12,6,1,1,0,0,1,1.0,0.1,0,2020
,HartPe01,SEA,24,WR,13,0,1,19,0,1,19,19.0,1.5,0,2020
,HeatJe00,LVR,29,FS,13,5,1,1,0,1,1,1.0,0.1,0,2020
,HigbTy00,LAR,27,TE,15,15,1,1,0,0,1,1.0,0.1,0,2020
,HighJo00,PHI,24,WR,13,4,1,1,0,0,1,1.0,0.1,0,2020
,HockTJ00,DET,23,TE,16,16,1,0,0,0,0,0.0,0.0,1,2020
,HookAm00,TEN,22,DB,16,3,1,4,0,1,4,4.0,0.3,0,2020
,HopkDe00,ARI,28,WR,16,16,1,1,0,0,1,1.0,0.1,3,2020
,HoyeBr00,NWE,35,QB,1,1,1,8,0,1,8,8.0,8.0,1,2020
,IsabAn00,ARI,24,WR,13,2,1,-6,0,0,-6,-6.0,-0.5,1,2020
,JackDe00,PHI,34,WR,5,5,1,12,0,1,12,12.0,2.4,0,2020
,JeffJu00,MIN,21,WR,16,14,1,2,0,0,2,2.0,0.1,1,2020
,2020,,,,,,,,,,,,,,
,JeffVa00,LAR,24,WR,16,0,1,-1,0,0,-1,-1.0,-0.1,1,2020
,JoneCh02,DAL,31,P,8,0,1,0,0,0,0,0.0,0.0,0,2020
,KillAd00,PHI,22,RB,1,0,1,-12,0,0,-12,-12.0,-12.0,0,2020
,KmetCo00,CHI,21,TE,16,9,1,-3,0,0,-3,-3.0,-0.2,1,2020
,LongTy00,LAC,27,P,16,0,1,-28,0,0,-28,-28.0,-1.8,0,2020
,LutoJa00,JAX,24,QB,3,3,1,13,1,1,13,13.0,4.3,2,2020
,MaloJo00,NYJ,24,WR,4,0,1,12,0,1,12,12.0,3.0,0,2020
,MartSa01,DEN,30,P,16,0,1,0,0,0,0,0.0,0.0,1,2020
,MingBa00,CHI,30,LB,16,3,1,11,0,1,11,11.0,0.7,0,2020
,MoncDo00,NWE,27,WR,6,0,1,4,0,1,4,4.0,0.7,0,2020
,MoorCJ01,DET,25,DB,12,0,1,3,0,0,3,3.0,0.3,0,2020
,NatsJo00,CLE,26,WR,3,0,1,3,0,0,3,3.0,1.0,0,2020
,NeasSh00,ATL,29,DB,16,2,1,2,0,0,2,2.0,0.1,1,2020
,OlliQa00,ATL,24,RB,3,0,1,3,0,1,3,3.0,1.0,0,2020
,OzigDe01,JAX,24,RB,8,0,1,1,0,0,1,1.0,0.1,0,2020
,PerrBr02,NYJ,27,WR,12,12,1,6,0,0,6,6.0,0.5,0,2020
,PeteNa00,LVR,26,QB,1,0,1,9,0,1,9,9.0,9.0,0,2020
,RaymKa00,TEN,26,WR,15,3,1,-3,0,0,-3,-3.0,-0.2,0,2020
,ReynCr00,JAX,24,RB,2,0,1,4,0,0,4,4.0,2.0,0,2020
,ReynJo00,LAR,25,WR,16,13,1,5,0,0,5,5.0,0.3,2,2020
,RicaPa00,BAL,26,FB,15,10,1,-1,0,0,-1,-1.0,-0.1,1,2020
,RobeAn00,BUF,32,WR,15,0,1,-3,0,0,-3,-3.0,-0.2,3,2020
,RobiAl02,CHI,27,WR,16,16,1,-1,0,0,-1,-1.0,-0.1,0,2020
,SandEm00,NOR,33,WR,14,5,1,12,0,1,12,12.0,0.9,1,2020
,SanuMo00,2TM,31,WR,10,4,1,3,0,1,3,3.0,0.3,0,2020
,SimsCa00,WAS,24,WR,16,10,1,5,0,0,5,5.0,0.3,1,2020
,SimsSt00,WAS,23,WR,12,2,1,18,0,1,18,18.0,1.5,4,2020
,SkurMa01,BAL,27,C,15,12,1,0,0,0,0,0.0,0.0,4,2020
,SmitTr03,NOR,24,WR,14,10,1,3,0,0,3,3.0,0.2,1,2020
,St.BEq00,GNB,24,WR,12,1,1,7,0,1,7,7.0,0.6,0,2020
,2020,,,,,,,,,,,,,,
,SticEa00,LAC,25,QB,1,0,1,-2,0,0,-2,-2.0,-2.0,0,2020
,TaylMa01,GNB,25,WR,15,1,1,9,0,0,9,9.0,0.6,0,2020
,ThomMi05,NOR,27,WR,7,5,1,1,0,0,1,1.0,0.1,0,2020
,ThomMi04,CIN,26,WR,14,0,1,1,0,0,1,1.0,0.1,1,2020
,ThomDa05,DAL,27,SS,15,7,1,3,0,0,3,3.0,0.2,0,2020
,WaltAu00,SFO,24,RB,4,0,1,3,0,0,3,3.0,0.8,0,2020
,WatkSa00,KAN,27,WR,10,9,1,3,0,0,3,3.0,0.3,1,2020
,WescTr00,NYJ,25,TE,12,4,1,0,0,0,0,0.0,0.0,0,2020
,WillJo07,DET,26,RB,5,0,1,5,0,0,5,5.0,1.0,1,2020
,WillMi07,LAC,26,WR,15,11,1,1,0,0,1,1.0,0.1,0,2020
,WimsJa00,CHI,26,WR,13,1,1,2,0,0,2,2.0,0.2,0,2020
,ZaccOl01,ATL,23,WR,11,2,1,0,0,0,0,0.0,0.0,0,2020
,ZylsBr00,CAR,27,WR,16,2,1,1,0,0,1,1.0,0.1,0,2020
,2020,,,,,,,,,,,,,,
